case_id,customer_id,region,escalation_type,escalation_text,sentiment_score,is_abusive,ftds_failed
CASE1000,CUST5000,IN-South,Return Denied,My product came damaged. This is the third time!,0.28,0,1
CASE1001,CUST5001,APAC-East,Delivery Delay,I was charged twice for the same item.,0.35,0,1
CASE1002,CUST5002,EU-Central,Return Denied,The delivery was 5 days late and support was unhelpful.,0.62,0,0
CASE1003,CUST5003,APAC-East,Damaged Product,The delivery was 5 days late and support was unhelpful.,0.53,0,0
CASE1004,CUST5004,APAC-East,Delivery Delay,Why was my return rejected with no reason?,0.16,1,0
CASE1005,CUST5005,US-East,Rude Agent,I was charged twice for the same item.,0.21,0,0
CASE1006,CUST5006,EU-Central,Payment Issue,Your agent was extremely rude and unprofessional.,0.28,0,0
CASE1007,CUST5007,EU-Central,Return Denied,I was charged twice for the same item.,0.04,0,0
CASE1008,CUST5008,EU-Central,Payment Issue,Why was my return rejected with no reason?,0.1,1,0
CASE1009,CUST5009,APAC-East,Payment Issue,Why was my return rejected with no reason?,0.06,0,0
CASE1010,CUST5010,IN-South,Delivery Delay,I was charged twice for the same item.,0.13,0,0
CASE1011,CUST5011,EU-Central,Payment Issue,Why was my return rejected with no reason?,0.51,0,0
CASE1012,CUST5012,APAC-East,Rude Agent,I was charged twice for the same item.,0.17,1,0
CASE1013,CUST5013,US-East,Payment Issue,My product came damaged. This is the third time!,0.15,0,0
CASE1014,CUST5014,IN-South,Delivery Delay,I was charged twice for the same item.,0.43,0,0
CASE1015,CUST5015,US-East,Rude Agent,I was charged twice for the same item.,0.23,0,0
CASE1016,CUST5016,IN-South,Damaged Product,Why was my return rejected with no reason?,0.36,0,0
CASE1017,CUST5017,APAC-East,Payment Issue,Why was my return rejected with no reason?,0.19,0,0
CASE1018,CUST5018,US-West,Delivery Delay,The delivery was 5 days late and support was unhelpful.,0.03,0,0
CASE1019,CUST5019,IN-South,Damaged Product,The delivery was 5 days late and support was unhelpful.,0.37,0,0
CASE1020,CUST5020,US-East,Damaged Product,My product came damaged. This is the third time!,0.07,0,0
CASE1021,CUST5021,APAC-East,Return Denied,The delivery was 5 days late and support was unhelpful.,0.22,1,1
CASE1022,CUST5022,IN-South,Rude Agent,I was charged twice for the same item.,0.19,1,0
CASE1023,CUST5023,US-West,Payment Issue,Why was my return rejected with no reason?,0.33,0,0
CASE1024,CUST5024,US-West,Delivery Delay,The delivery was 5 days late and support was unhelpful.,0.22,1,1
CASE1025,CUST5025,EU-Central,Return Denied,The delivery was 5 days late and support was unhelpful.,0.28,0,0
CASE1026,CUST5026,EU-Central,Rude Agent,My product came damaged. This is the third time!,0.07,0,1
CASE1027,CUST5027,US-East,Return Denied,My product came damaged. This is the third time!,0.6,0,0
CASE1028,CUST5028,IN-South,Rude Agent,I was charged twice for the same item.,0.12,0,0
CASE1029,CUST5029,IN-South,Rude Agent,Why was my return rejected with no reason?,0.48,0,0
CASE1030,CUST5030,EU-Central,Payment Issue,My product came damaged. This is the third time!,0.32,0,0
CASE1031,CUST5031,IN-South,Rude Agent,The delivery was 5 days late and support was unhelpful.,0.32,0,0
CASE1032,CUST5032,IN-South,Return Denied,Why was my return rejected with no reason?,0.35,0,1
CASE1033,CUST5033,US-West,Rude Agent,Why was my return rejected with no reason?,0.02,1,0
CASE1034,CUST5034,EU-Central,Payment Issue,The delivery was 5 days late and support was unhelpful.,0.44,1,0
CASE1035,CUST5035,APAC-East,Payment Issue,My product came damaged. This is the third time!,0.22,0,0
CASE1036,CUST5036,EU-Central,Return Denied,The delivery was 5 days late and support was unhelpful.,0.48,1,1
CASE1037,CUST5037,APAC-East,Damaged Product,Why was my return rejected with no reason?,0.28,1,0
CASE1038,CUST5038,US-West,Damaged Product,Your agent was extremely rude and unprofessional.,0.24,1,0
CASE1039,CUST5039,US-East,Rude Agent,Your agent was extremely rude and unprofessional.,0.11,0,0
CASE1040,CUST5040,IN-South,Delivery Delay,I was charged twice for the same item.,0.19,1,0
CASE1041,CUST5041,US-West,Rude Agent,The delivery was 5 days late and support was unhelpful.,0.36,0,0
CASE1042,CUST5042,IN-South,Return Denied,The delivery was 5 days late and support was unhelpful.,0.1,1,0
CASE1043,CUST5043,US-East,Return Denied,I was charged twice for the same item.,0.0,1,0
CASE1044,CUST5044,US-East,Return Denied,I was charged twice for the same item.,0.17,0,0
CASE1045,CUST5045,US-West,Return Denied,I was charged twice for the same item.,0.43,1,0
CASE1046,CUST5046,US-East,Return Denied,Why was my return rejected with no reason?,0.57,1,1
CASE1047,CUST5047,APAC-East,Payment Issue,The delivery was 5 days late and support was unhelpful.,0.2,1,0
CASE1048,CUST5048,US-East,Damaged Product,Why was my return rejected with no reason?,0.07,0,0
CASE1049,CUST5049,IN-South,Return Denied,I was charged twice for the same item.,0.25,0,0
CASE1050,CUST5050,IN-South,Delivery Delay,The delivery was 5 days late and support was unhelpful.,0.33,0,0
CASE1051,CUST5051,IN-South,Delivery Delay,Why was my return rejected with no reason?,0.39,1,0
CASE1052,CUST5052,IN-South,Delivery Delay,Why was my return rejected with no reason?,0.62,0,0
CASE1053,CUST5053,APAC-East,Delivery Delay,I was charged twice for the same item.,0.33,0,0
CASE1054,CUST5054,EU-Central,Payment Issue,The delivery was 5 days late and support was unhelpful.,0.55,0,0
CASE1055,CUST5055,US-West,Delivery Delay,I was charged twice for the same item.,0.23,0,0
CASE1056,CUST5056,IN-South,Return Denied,The delivery was 5 days late and support was unhelpful.,0.31,1,1
CASE1057,CUST5057,US-East,Rude Agent,Your agent was extremely rude and unprofessional.,0.21,1,0
CASE1058,CUST5058,IN-South,Delivery Delay,My product came damaged. This is the third time!,0.2,0,0
CASE1059,CUST5059,US-East,Payment Issue,My product came damaged. This is the third time!,0.26,1,0
CASE1060,CUST5060,US-East,Payment Issue,My product came damaged. This is the third time!,0.26,0,0
CASE1061,CUST5061,IN-South,Delivery Delay,I was charged twice for the same item.,0.21,0,0
CASE1062,CUST5062,APAC-East,Rude Agent,Your agent was extremely rude and unprofessional.,0.22,1,0
CASE1063,CUST5063,US-East,Delivery Delay,The delivery was 5 days late and support was unhelpful.,0.46,0,1
CASE1064,CUST5064,US-East,Payment Issue,Why was my return rejected with no reason?,0.62,0,0
CASE1065,CUST5065,IN-South,Damaged Product,The delivery was 5 days late and support was unhelpful.,0.23,1,1
CASE1066,CUST5066,US-East,Return Denied,Why was my return rejected with no reason?,0.25,0,1
CASE1067,CUST5067,US-East,Payment Issue,The delivery was 5 days late and support was unhelpful.,0.38,0,0
CASE1068,CUST5068,IN-South,Delivery Delay,Your agent was extremely rude and unprofessional.,0.78,0,0
CASE1069,CUST5069,IN-South,Return Denied,Why was my return rejected with no reason?,0.31,0,0
CASE1070,CUST5070,US-West,Delivery Delay,I was charged twice for the same item.,0.45,0,0
CASE1071,CUST5071,APAC-East,Delivery Delay,The delivery was 5 days late and support was unhelpful.,0.53,0,0
CASE1072,CUST5072,APAC-East,Damaged Product,The delivery was 5 days late and support was unhelpful.,0.35,1,0
CASE1073,CUST5073,US-East,Return Denied,Why was my return rejected with no reason?,0.44,1,0
CASE1074,CUST5074,APAC-East,Return Denied,I was charged twice for the same item.,0.39,1,1
CASE1075,CUST5075,US-East,Damaged Product,I was charged twice for the same item.,0.45,1,1
CASE1076,CUST5076,US-West,Payment Issue,Your agent was extremely rude and unprofessional.,0.14,0,0
CASE1077,CUST5077,IN-South,Delivery Delay,I was charged twice for the same item.,0.33,0,1
CASE1078,CUST5078,IN-South,Rude Agent,I was charged twice for the same item.,0.37,0,0
CASE1079,CUST5079,IN-South,Delivery Delay,I was charged twice for the same item.,0.37,0,0
CASE1080,CUST5080,APAC-East,Delivery Delay,My product came damaged. This is the third time!,0.47,0,0
CASE1081,CUST5081,US-West,Payment Issue,Your agent was extremely rude and unprofessional.,0.37,0,0
CASE1082,CUST5082,APAC-East,Delivery Delay,The delivery was 5 days late and support was unhelpful.,0.13,0,0
CASE1083,CUST5083,APAC-East,Damaged Product,Why was my return rejected with no reason?,0.39,1,0
CASE1084,CUST5084,US-West,Damaged Product,The delivery was 5 days late and support was unhelpful.,0.17,1,0
CASE1085,CUST5085,US-West,Return Denied,Your agent was extremely rude and unprofessional.,0.2,0,1
CASE1086,CUST5086,US-West,Rude Agent,Why was my return rejected with no reason?,0.24,0,0
CASE1087,CUST5087,US-West,Delivery Delay,Your agent was extremely rude and unprofessional.,0.28,0,0
CASE1088,CUST5088,IN-South,Delivery Delay,I was charged twice for the same item.,0.07,1,0
CASE1089,CUST5089,EU-Central,Payment Issue,Why was my return rejected with no reason?,0.47,1,0
CASE1090,CUST5090,EU-Central,Damaged Product,I was charged twice for the same item.,0.13,0,0
CASE1091,CUST5091,US-West,Rude Agent,The delivery was 5 days late and support was unhelpful.,0.54,0,1
CASE1092,CUST5092,EU-Central,Return Denied,The delivery was 5 days late and support was unhelpful.,0.13,0,0
CASE1093,CUST5093,EU-Central,Damaged Product,Why was my return rejected with no reason?,0.49,0,0
CASE1094,CUST5094,US-West,Return Denied,Why was my return rejected with no reason?,0.3,0,0
CASE1095,CUST5095,EU-Central,Payment Issue,Your agent was extremely rude and unprofessional.,0.04,0,0
CASE1096,CUST5096,APAC-East,Payment Issue,Your agent was extremely rude and unprofessional.,0.14,1,0
CASE1097,CUST5097,US-East,Delivery Delay,I was charged twice for the same item.,0.5,0,0
CASE1098,CUST5098,US-East,Rude Agent,Why was my return rejected with no reason?,0.37,0,0
CASE1099,CUST5099,US-West,Return Denied,The delivery was 5 days late and support was unhelpful.,0.29,1,0
