Order_ID,Order_Date,Category,Region,Customer_Segment,Units_Sold,Unit_Price,Revenue,Profit
1001,2023-07-31,Beauty,West,Returning,3,451,1353,257.07
1002,2023-04-30,Sports,East,New,17,45,765,99.45
1003,2023-11-30,Beauty,North,New,12,462,5544,1164.24
1004,2023-08-31,Fashion,South,Returning,15,342,5130,1333.8
1005,2023-05-31,Fashion,West,Returning,16,486,7776,1944.0
1006,2023-07-31,Sports,East,Returning,5,296,1480,414.40000000000003
1007,2023-10-31,Beauty,East,New,6,312,1872,299.52
1008,2023-03-31,Electronics,North,Returning,19,320,6080,851.2
1009,2023-07-31,Sports,West,New,5,217,1085,303.8
1010,2023-11-30,Fashion,West,Returning,3,115,345,79.35000000000001
1011,2023-11-30,Fashion,South,Returning,1,455,455,72.8
1012,2023-08-31,Sports,West,New,6,167,1002,250.5
1013,2023-05-31,Beauty,West,Returning,15,130,1950,507.0
1014,2023-04-30,Fashion,North,New,2,64,128,28.16
1015,2023-08-31,Beauty,West,New,3,409,1227,294.47999999999996
1016,2023-08-31,Fashion,East,Returning,17,21,357,64.25999999999999
1017,2023-03-31,Fashion,North,New,12,154,1848,388.08
1018,2023-06-30,Home & Kitchen,North,New,18,409,7362,1472.4
1019,2023-05-31,Fashion,South,Returning,15,405,6075,1640.25
1020,2023-02-28,Electronics,West,New,12,145,1740,469.8
1021,2023-08-31,Sports,South,New,16,477,7632,2060.6400000000003
1022,2023-12-31,Sports,East,New,8,12,96,9.600000000000001
1023,2023-06-30,Beauty,North,Returning,14,153,2142,535.5
1024,2023-02-28,Fashion,North,New,17,39,663,165.75
1025,2023-12-31,Electronics,North,Returning,8,246,1968,472.32
1026,2023-05-31,Beauty,East,Returning,15,288,4320,1080.0
1027,2023-01-31,Home & Kitchen,East,New,14,357,4998,1349.46
1028,2023-12-31,Beauty,South,New,18,124,2232,424.08
1029,2023-10-31,Beauty,South,New,7,113,791,158.20000000000002
1030,2023-06-30,Fashion,South,Returning,3,127,381,45.72
1031,2023-12-31,Home & Kitchen,West,New,12,14,168,30.24
1032,2023-09-30,Beauty,North,New,3,477,1431,329.13
1033,2023-01-31,Electronics,North,New,14,369,5166,1343.16
1034,2023-11-30,Electronics,South,New,15,257,3855,539.7
1035,2023-11-30,Sports,North,New,14,373,5222,678.86
1036,2023-10-31,Home & Kitchen,South,Returning,7,330,2310,531.3000000000001
1037,2023-12-31,Home & Kitchen,West,Returning,17,130,2210,221.0
1038,2023-12-31,Sports,West,New,12,295,3540,495.6
1039,2023-03-31,Beauty,East,New,4,158,632,69.52
1040,2023-12-31,Home & Kitchen,West,New,9,93,837,108.81
1041,2023-07-31,Electronics,South,New,6,463,2778,388.92
1042,2023-04-30,Electronics,West,Returning,16,415,6640,1195.2
1043,2023-09-30,Fashion,East,New,2,475,950,171.0
1044,2023-03-31,Home & Kitchen,North,Returning,8,465,3720,1004.4000000000001
1045,2023-05-31,Beauty,South,Returning,11,240,2640,528.0
1046,2023-03-31,Sports,North,New,13,297,3861,926.64
1047,2023-07-31,Sports,East,Returning,17,170,2890,346.8
1048,2023-05-31,Beauty,East,Returning,8,281,2248,337.2
1049,2023-09-30,Fashion,East,Returning,18,469,8442,2026.08
1050,2023-07-31,Sports,North,Returning,18,47,846,93.06
1051,2023-02-28,Home & Kitchen,North,New,14,235,3290,658.0
1052,2023-04-30,Fashion,North,New,15,151,2265,498.3
1053,2023-09-30,Home & Kitchen,North,Returning,6,301,1806,397.32
1054,2023-12-31,Electronics,East,New,11,490,5390,539.0
1055,2023-02-28,Fashion,East,New,13,160,2080,332.8
1056,2023-10-31,Sports,South,New,1,123,123,28.290000000000003
1057,2023-09-30,Fashion,South,New,6,246,1476,191.88
1058,2023-10-31,Fashion,North,New,9,75,675,162.0
1059,2023-05-31,Fashion,West,Returning,8,370,2960,740.0
1060,2023-02-28,Fashion,West,New,11,350,3850,1155.0
1061,2023-04-30,Home & Kitchen,East,New,19,267,5073,710.22
1062,2023-12-31,Electronics,East,New,9,484,4356,1176.1200000000001
1063,2023-12-31,Beauty,East,New,17,258,4386,877.2
1064,2023-07-31,Fashion,South,Returning,12,466,5592,950.6400000000001
1065,2023-12-31,Sports,South,Returning,14,458,6412,769.4399999999999
1066,2023-08-31,Fashion,East,Returning,15,340,5100,1275.0
1067,2023-03-31,Sports,East,Returning,16,332,5312,796.8
1068,2023-01-31,Home & Kitchen,East,New,1,189,189,32.13
1069,2023-04-30,Sports,West,Returning,10,199,1990,218.9
1070,2023-02-28,Beauty,South,New,8,416,3328,865.28
1071,2023-08-31,Electronics,West,New,18,163,2934,733.5
1072,2023-04-30,Sports,West,New,1,205,205,51.25
1073,2023-02-28,Sports,East,New,2,475,950,152.0
1074,2023-06-30,Electronics,East,New,1,320,320,41.6
1075,2023-06-30,Beauty,North,Returning,1,271,271,62.330000000000005
1076,2023-10-31,Fashion,North,Returning,9,428,3852,770.4000000000001
1077,2023-04-30,Sports,West,Returning,13,415,5395,755.3000000000001
1078,2023-06-30,Electronics,South,Returning,1,436,436,104.64
1079,2023-02-28,Home & Kitchen,East,New,13,152,1976,592.8
1080,2023-10-31,Electronics,East,Returning,7,351,2457,614.25
1081,2023-12-31,Home & Kitchen,West,New,2,325,650,162.5
1082,2023-02-28,Beauty,North,Returning,6,110,660,191.39999999999998
1083,2023-10-31,Fashion,South,New,7,253,1771,247.94000000000003
1084,2023-04-30,Electronics,North,New,14,499,6986,1467.06
1085,2023-08-31,Sports,North,Returning,18,21,378,113.39999999999999
1086,2023-07-31,Beauty,North,New,15,248,3720,483.6
1087,2023-12-31,Electronics,North,New,2,58,116,27.84
1088,2023-09-30,Sports,East,Returning,10,51,510,112.2
1089,2023-08-31,Electronics,East,New,12,175,2100,462.0
1090,2023-05-31,Home & Kitchen,North,Returning,17,91,1547,371.28
1091,2023-02-28,Electronics,South,Returning,8,438,3504,1016.16
1092,2023-05-31,Electronics,West,Returning,11,300,3300,858.0
1093,2023-08-31,Electronics,South,New,3,167,501,55.11
1094,2023-10-31,Beauty,South,New,6,225,1350,364.5
1095,2023-09-30,Electronics,South,New,9,499,4491,673.65
1096,2023-12-31,Sports,North,Returning,6,167,1002,180.35999999999999
1097,2023-12-31,Home & Kitchen,East,New,9,471,4239,805.41
1098,2023-12-31,Home & Kitchen,South,Returning,7,143,1001,200.20000000000002
1099,2023-09-30,Electronics,North,Returning,9,76,684,129.96
1100,2023-01-31,Beauty,South,New,18,345,6210,1800.8999999999999
1101,2023-09-30,Beauty,South,Returning,12,16,192,46.08
1102,2023-07-31,Sports,North,New,8,445,3560,818.8000000000001
1103,2023-09-30,Electronics,East,New,8,23,184,20.24
1104,2023-08-31,Home & Kitchen,East,New,18,82,1476,413.28000000000003
1105,2023-01-31,Beauty,West,New,15,408,6120,1713.6000000000001
1106,2023-12-31,Electronics,North,New,7,414,2898,753.48
1107,2023-08-31,Beauty,West,Returning,11,172,1892,189.20000000000002
1108,2023-08-31,Beauty,West,Returning,16,75,1200,132.0
1109,2023-11-30,Home & Kitchen,West,Returning,4,356,1424,213.6
1110,2023-03-31,Fashion,East,New,6,139,834,108.42
1111,2023-01-31,Sports,North,New,3,428,1284,231.12
1112,2023-08-31,Sports,West,New,9,475,4275,1197.0000000000002
1113,2023-03-31,Home & Kitchen,North,Returning,10,215,2150,408.5
1114,2023-03-31,Beauty,North,New,14,285,3990,399.0
1115,2023-01-31,Electronics,East,Returning,11,475,5225,836.0
1116,2023-11-30,Beauty,West,Returning,18,265,4770,524.7
1117,2023-05-31,Home & Kitchen,West,New,12,275,3300,363.0
1118,2023-10-31,Sports,North,New,12,34,408,65.28
1119,2023-07-31,Beauty,South,Returning,13,459,5967,954.72
1120,2023-10-31,Sports,East,New,13,290,3770,980.2
1121,2023-09-30,Electronics,East,Returning,19,262,4978,1443.62
1122,2023-12-31,Sports,East,New,19,319,6061,1030.3700000000001
1123,2023-07-31,Sports,East,New,14,298,4172,792.6800000000001
1124,2023-09-30,Fashion,West,Returning,4,173,692,186.84
1125,2023-08-31,Fashion,West,New,13,104,1352,202.79999999999998
1126,2023-12-31,Fashion,South,Returning,8,279,2232,290.16
1127,2023-02-28,Sports,East,New,19,330,6270,1692.9
1128,2023-01-31,Home & Kitchen,East,Returning,12,119,1428,157.08
1129,2023-07-31,Sports,North,Returning,18,345,6210,1366.2
1130,2023-07-31,Home & Kitchen,West,New,6,319,1914,401.94
1131,2023-08-31,Home & Kitchen,East,Returning,18,247,4446,755.82
1132,2023-05-31,Fashion,South,New,19,390,7410,1185.6000000000001
1133,2023-03-31,Beauty,South,New,5,445,2225,556.25
1134,2023-12-31,Electronics,West,New,9,396,3564,427.68
1135,2023-08-31,Fashion,South,Returning,3,492,1476,221.4
1136,2023-06-30,Fashion,South,Returning,10,434,4340,1085.0
1137,2023-11-30,Beauty,West,New,19,399,7581,1592.01
1138,2023-03-31,Electronics,East,New,3,34,102,13.26
1139,2023-01-31,Sports,East,Returning,15,150,2250,630.0000000000001
1140,2023-03-31,Sports,South,New,1,126,126,22.68
1141,2023-05-31,Fashion,South,New,7,491,3437,927.99
1142,2023-03-31,Electronics,East,Returning,12,401,4812,1251.1200000000001
1143,2023-01-31,Fashion,West,New,17,414,7038,1548.36
1144,2023-05-31,Home & Kitchen,South,Returning,5,491,2455,491.0
1145,2023-10-31,Fashion,North,New,4,461,1844,553.1999999999999
1146,2023-07-31,Fashion,West,Returning,12,34,408,53.04
1147,2023-07-31,Sports,South,New,18,88,1584,396.0
1148,2023-11-30,Sports,South,New,17,77,1309,183.26000000000002
1149,2023-09-30,Sports,North,Returning,19,182,3458,587.86
1150,2023-10-31,Home & Kitchen,North,New,9,453,4077,652.32
1151,2023-10-31,Sports,East,Returning,4,21,84,24.36
1152,2023-12-31,Electronics,West,New,2,297,594,172.26
1153,2023-03-31,Beauty,West,Returning,4,137,548,76.72000000000001
1154,2023-07-31,Electronics,East,Returning,2,105,210,21.0
1155,2023-01-31,Electronics,West,Returning,15,101,1515,363.59999999999997
1156,2023-04-30,Sports,West,Returning,2,150,300,54.0
1157,2023-04-30,Beauty,West,New,4,40,160,19.2
1158,2023-05-31,Beauty,West,New,6,343,2058,493.91999999999996
1159,2023-07-31,Beauty,West,Returning,7,29,203,42.629999999999995
1160,2023-07-31,Home & Kitchen,North,Returning,10,155,1550,465.0
1161,2023-11-30,Sports,West,Returning,19,486,9234,1385.1
1162,2023-04-30,Beauty,North,New,19,325,6175,1111.5
1163,2023-07-31,Home & Kitchen,West,New,12,456,5472,1149.12
1164,2023-11-30,Fashion,East,New,3,399,1197,311.22
1165,2023-03-31,Fashion,South,New,13,169,2197,461.37
1166,2023-06-30,Home & Kitchen,North,Returning,18,358,6444,1417.68
1167,2023-12-31,Home & Kitchen,West,Returning,8,52,416,62.4
1168,2023-02-28,Sports,East,Returning,15,263,3945,1065.15
1169,2023-10-31,Sports,South,New,1,139,139,26.41
1170,2023-09-30,Fashion,North,New,3,69,207,26.91
1171,2023-05-31,Beauty,South,New,8,160,1280,294.40000000000003
1172,2023-06-30,Fashion,East,Returning,4,476,1904,266.56
1173,2023-12-31,Beauty,North,Returning,16,296,4736,568.3199999999999
1174,2023-12-31,Beauty,South,New,10,14,140,37.800000000000004
1175,2023-12-31,Sports,West,Returning,12,476,5712,1085.28
1176,2023-12-31,Electronics,North,New,14,427,5978,1494.5
1177,2023-04-30,Electronics,South,New,14,275,3850,616.0
1178,2023-11-30,Home & Kitchen,East,Returning,2,354,708,184.08
1179,2023-10-31,Sports,East,New,5,139,695,83.39999999999999
1180,2023-07-31,Beauty,North,Returning,5,391,1955,332.35
1181,2023-12-31,Electronics,South,New,6,276,1656,496.79999999999995
1182,2023-09-30,Beauty,North,Returning,13,187,2431,632.0600000000001
1183,2023-07-31,Electronics,North,Returning,9,262,2358,471.6
1184,2023-01-31,Electronics,South,Returning,15,424,6360,1081.2
1185,2023-01-31,Electronics,South,New,14,65,910,245.70000000000002
1186,2023-09-30,Sports,West,New,7,472,3304,693.8399999999999
1187,2023-11-30,Fashion,South,Returning,2,466,932,233.0
1188,2023-09-30,Beauty,East,Returning,7,480,3360,840.0
1189,2023-04-30,Sports,North,New,6,92,552,55.2
1190,2023-09-30,Sports,North,New,17,402,6834,888.4200000000001
1191,2023-03-31,Sports,East,New,2,108,216,49.68
1192,2023-07-31,Sports,South,Returning,3,158,474,61.620000000000005
1193,2023-06-30,Sports,East,New,5,338,1690,253.5
1194,2023-08-31,Home & Kitchen,East,New,5,165,825,239.24999999999997
1195,2023-11-30,Beauty,West,Returning,1,199,199,41.79
1196,2023-09-30,Sports,East,New,8,380,3040,760.0
1197,2023-05-31,Beauty,North,New,12,272,3264,685.4399999999999
1198,2023-01-31,Home & Kitchen,East,New,4,89,356,74.75999999999999
1199,2023-03-31,Home & Kitchen,North,Returning,13,409,5317,638.04
1200,2023-10-31,Beauty,North,Returning,15,261,3915,665.5500000000001
1201,2023-12-31,Electronics,North,Returning,11,106,1166,186.56
1202,2023-08-31,Fashion,South,Returning,10,269,2690,484.2
1203,2023-11-30,Electronics,West,Returning,3,269,807,209.82
1204,2023-06-30,Electronics,North,Returning,14,112,1568,266.56
1205,2023-08-31,Electronics,North,Returning,16,49,784,148.96
1206,2023-09-30,Sports,South,New,10,282,2820,507.59999999999997
1207,2023-04-30,Home & Kitchen,North,New,10,110,1100,132.0
1208,2023-01-31,Electronics,East,Returning,12,368,4416,839.04
1209,2023-01-31,Home & Kitchen,East,New,9,389,3501,490.14000000000004
1210,2023-10-31,Beauty,West,New,1,317,317,44.38
1211,2023-04-30,Fashion,North,Returning,5,230,1150,138.0
1212,2023-12-31,Beauty,South,New,8,317,2536,431.12
1213,2023-07-31,Beauty,East,New,11,429,4719,1179.75
1214,2023-02-28,Sports,South,New,12,133,1596,255.36
1215,2023-03-31,Fashion,South,New,1,431,431,68.96000000000001
1216,2023-01-31,Beauty,East,New,11,240,2640,607.2
1217,2023-05-31,Beauty,South,Returning,5,187,935,130.9
1218,2023-01-31,Fashion,East,Returning,15,72,1080,302.40000000000003
1219,2023-08-31,Fashion,South,Returning,5,494,2470,494.0
1220,2023-01-31,Beauty,East,New,12,125,1500,285.0
1221,2023-11-30,Fashion,North,Returning,5,200,1000,210.0
1222,2023-01-31,Beauty,West,New,17,71,1207,156.91
1223,2023-02-28,Beauty,East,New,17,265,4505,991.1
1224,2023-02-28,Sports,East,New,12,492,5904,1003.6800000000001
1225,2023-12-31,Electronics,West,New,15,16,240,67.2
1226,2023-06-30,Beauty,East,Returning,15,164,2460,319.8
1227,2023-07-31,Home & Kitchen,East,Returning,6,101,606,121.2
1228,2023-05-31,Electronics,South,New,12,479,5748,1264.56
1229,2023-01-31,Electronics,West,Returning,18,23,414,45.54
1230,2023-01-31,Electronics,North,New,14,464,6496,1104.3200000000002
1231,2023-03-31,Sports,East,Returning,2,238,476,119.0
1232,2023-02-28,Beauty,West,Returning,9,95,855,222.3
1233,2023-05-31,Sports,South,New,5,142,710,113.60000000000001
1234,2023-12-31,Beauty,North,Returning,1,192,192,49.92
1235,2023-10-31,Sports,West,New,3,395,1185,343.65
1236,2023-06-30,Sports,North,Returning,6,71,426,115.02000000000001
1237,2023-07-31,Home & Kitchen,North,New,5,228,1140,136.79999999999998
1238,2023-04-30,Sports,North,New,5,414,2070,517.5
1239,2023-07-31,Fashion,East,Returning,1,255,255,40.800000000000004
1240,2023-11-30,Home & Kitchen,East,Returning,17,239,4063,1218.8999999999999
1241,2023-08-31,Sports,South,New,19,88,1672,334.40000000000003
1242,2023-11-30,Electronics,South,Returning,14,158,2212,265.44
1243,2023-01-31,Fashion,West,Returning,12,147,1764,441.0
1244,2023-06-30,Fashion,South,New,10,480,4800,768.0
1245,2023-08-31,Fashion,North,New,18,323,5814,1744.2
1246,2023-05-31,Home & Kitchen,North,Returning,11,385,4235,1270.5
1247,2023-04-30,Sports,East,New,2,432,864,198.72
1248,2023-02-28,Sports,North,New,18,398,7164,931.32
1249,2023-06-30,Electronics,West,New,7,74,518,124.32
1250,2023-06-30,Electronics,North,Returning,15,22,330,39.6
1251,2023-11-30,Fashion,North,Returning,11,222,2442,268.62
1252,2023-01-31,Electronics,West,New,18,483,8694,2260.44
1253,2023-09-30,Home & Kitchen,South,Returning,12,251,3012,421.68000000000006
1254,2023-12-31,Sports,South,New,6,222,1332,239.76
1255,2023-11-30,Fashion,West,Returning,13,190,2470,716.3
1256,2023-06-30,Electronics,East,New,16,347,5552,943.84
1257,2023-03-31,Home & Kitchen,North,New,18,494,8892,1422.72
1258,2023-04-30,Home & Kitchen,West,Returning,10,182,1820,509.6
1259,2023-12-31,Electronics,North,New,8,169,1352,162.23999999999998
1260,2023-11-30,Sports,East,Returning,18,173,3114,778.5
1261,2023-04-30,Electronics,North,Returning,1,474,474,142.2
1262,2023-03-31,Fashion,West,New,8,492,3936,1102.0800000000002
1263,2023-10-31,Electronics,North,New,6,197,1182,271.86
1264,2023-03-31,Home & Kitchen,South,Returning,5,404,2020,323.2
1265,2023-03-31,Electronics,East,New,15,200,3000,450.0
1266,2023-04-30,Sports,East,New,15,414,6210,1614.6000000000001
1267,2023-07-31,Beauty,East,New,2,317,634,177.52
1268,2023-04-30,Electronics,West,New,1,265,265,55.65
1269,2023-09-30,Sports,East,New,11,192,2112,316.8
1270,2023-01-31,Sports,South,Returning,10,126,1260,151.2
1271,2023-08-31,Home & Kitchen,West,Returning,18,291,5238,628.56
1272,2023-07-31,Sports,South,New,18,205,3690,885.6
1273,2023-02-28,Sports,North,New,17,43,731,131.57999999999998
1274,2023-08-31,Sports,North,New,8,61,488,136.64000000000001
1275,2023-01-31,Sports,North,Returning,15,121,1815,453.75
1276,2023-11-30,Fashion,North,New,8,261,2088,292.32000000000005
1277,2023-12-31,Fashion,South,Returning,17,91,1547,340.34
1278,2023-09-30,Home & Kitchen,West,Returning,12,241,2892,549.48
1279,2023-09-30,Electronics,West,Returning,8,236,1888,415.36
1280,2023-02-28,Sports,East,New,14,242,3388,847.0
1281,2023-07-31,Electronics,South,Returning,4,230,920,239.20000000000002
1282,2023-10-31,Electronics,North,New,1,445,445,120.15
1283,2023-03-31,Home & Kitchen,South,Returning,1,422,422,63.3
1284,2023-07-31,Sports,East,New,19,431,8189,900.79
1285,2023-12-31,Sports,East,Returning,16,51,816,204.0
1286,2023-10-31,Beauty,South,New,14,30,420,50.4
1287,2023-09-30,Electronics,South,Returning,16,51,816,130.56
1288,2023-04-30,Electronics,South,New,5,406,2030,203.0
1289,2023-12-31,Fashion,West,New,9,122,1098,263.52
1290,2023-01-31,Beauty,North,New,2,114,228,29.64
1291,2023-02-28,Fashion,South,New,18,201,3618,832.14
1292,2023-01-31,Fashion,South,Returning,6,26,156,46.8
1293,2023-12-31,Fashion,South,Returning,9,129,1161,127.71
1294,2023-05-31,Home & Kitchen,East,New,1,402,402,48.239999999999995
1295,2023-05-31,Home & Kitchen,East,Returning,9,434,3906,664.0200000000001
1296,2023-11-30,Fashion,West,New,16,138,2208,596.1600000000001
1297,2023-07-31,Beauty,North,New,13,139,1807,252.98000000000002
1298,2023-09-30,Electronics,West,Returning,9,69,621,105.57000000000001
1299,2023-09-30,Beauty,North,New,13,57,741,81.51
1300,2023-03-31,Sports,East,New,9,38,342,85.5
1301,2023-03-31,Home & Kitchen,East,Returning,11,106,1166,209.88
1302,2023-03-31,Electronics,East,New,4,19,76,19.0
1303,2023-04-30,Electronics,West,New,2,251,502,140.56
1304,2023-08-31,Sports,South,New,6,323,1938,290.7
1305,2023-06-30,Sports,South,New,14,453,6342,1648.92
1306,2023-08-31,Fashion,East,Returning,4,241,964,106.04
1307,2023-01-31,Home & Kitchen,South,Returning,6,286,1716,480.48
1308,2023-08-31,Home & Kitchen,South,Returning,19,293,5567,1280.41
1309,2023-04-30,Beauty,West,New,6,212,1272,343.44
1310,2023-11-30,Fashion,North,New,2,256,512,51.2
1311,2023-01-31,Fashion,East,Returning,18,299,5382,699.66
1312,2023-08-31,Fashion,East,New,13,273,3549,638.8199999999999
1313,2023-04-30,Fashion,West,New,9,452,4068,732.24
1314,2023-06-30,Home & Kitchen,West,New,19,223,4237,635.55
1315,2023-08-31,Home & Kitchen,South,New,13,209,2717,489.06
1316,2023-04-30,Fashion,East,Returning,11,442,4862,632.0600000000001
1317,2023-03-31,Beauty,North,Returning,1,88,88,15.84
1318,2023-09-30,Electronics,West,Returning,7,410,2870,746.2
1319,2023-03-31,Electronics,North,New,15,453,6795,1359.0
1320,2023-09-30,Beauty,North,Returning,1,352,352,35.2
1321,2023-02-28,Fashion,East,Returning,12,353,4236,762.48
1322,2023-02-28,Home & Kitchen,East,New,7,182,1274,140.14000000000001
1323,2023-02-28,Electronics,West,New,15,476,7140,2070.6
1324,2023-06-30,Sports,East,Returning,19,78,1482,192.66
1325,2023-03-31,Sports,East,Returning,1,425,425,102.0
1326,2023-09-30,Beauty,East,Returning,17,437,7429,2154.41
1327,2023-04-30,Fashion,North,Returning,17,458,7786,2102.2200000000003
1328,2023-01-31,Electronics,West,New,3,96,288,69.12
1329,2023-04-30,Fashion,South,Returning,12,110,1320,356.40000000000003
1330,2023-01-31,Electronics,North,Returning,6,17,102,30.599999999999998
1331,2023-05-31,Beauty,East,New,11,342,3762,827.64
1332,2023-04-30,Beauty,North,Returning,3,209,627,131.67
1333,2023-08-31,Sports,East,New,8,96,768,176.64000000000001
1334,2023-08-31,Fashion,East,New,14,52,728,152.88
1335,2023-07-31,Sports,North,New,14,394,5516,1268.68
1336,2023-03-31,Fashion,West,Returning,10,118,1180,224.2
1337,2023-01-31,Sports,East,Returning,2,444,888,124.32000000000001
1338,2023-01-31,Home & Kitchen,West,New,14,417,5838,700.56
1339,2023-12-31,Home & Kitchen,South,Returning,9,492,4428,487.08
1340,2023-11-30,Home & Kitchen,East,Returning,3,161,483,72.45
1341,2023-03-31,Home & Kitchen,West,New,8,26,208,22.88
1342,2023-06-30,Electronics,West,New,16,142,2272,477.12
1343,2023-07-31,Home & Kitchen,South,Returning,2,157,314,50.24
1344,2023-06-30,Beauty,West,New,6,286,1716,446.16
1345,2023-06-30,Beauty,West,Returning,12,241,2892,318.12
1346,2023-06-30,Electronics,South,Returning,5,323,1615,242.25
1347,2023-03-31,Home & Kitchen,East,Returning,2,424,848,212.0
1348,2023-06-30,Home & Kitchen,West,Returning,16,375,6000,1320.0
1349,2023-08-31,Home & Kitchen,West,New,5,237,1185,130.35
1350,2023-11-30,Sports,West,New,15,148,2220,621.6
1351,2023-11-30,Fashion,North,New,12,445,5340,1495.2
1352,2023-02-28,Sports,South,New,4,408,1632,277.44
1353,2023-05-31,Fashion,North,Returning,15,220,3300,561.0
1354,2023-01-31,Home & Kitchen,South,Returning,11,400,4400,1320.0
1355,2023-12-31,Home & Kitchen,East,New,16,37,592,136.16
1356,2023-01-31,Sports,East,Returning,6,60,360,75.6
1357,2023-05-31,Sports,West,Returning,14,451,6314,1704.7800000000002
1358,2023-12-31,Fashion,South,Returning,18,270,4860,777.6
1359,2023-03-31,Beauty,East,New,12,270,3240,615.6
1360,2023-04-30,Fashion,South,New,11,359,3949,592.35
1361,2023-03-31,Sports,East,New,13,361,4693,1220.18
1362,2023-01-31,Sports,North,Returning,11,17,187,39.269999999999996
1363,2023-01-31,Electronics,East,New,16,329,5264,1210.72
1364,2023-12-31,Sports,North,New,15,147,2205,330.75
1365,2023-12-31,Electronics,East,New,15,47,705,98.7
1366,2023-05-31,Beauty,West,New,4,120,480,96.0
1367,2023-06-30,Fashion,North,New,11,489,5379,1344.75
1368,2023-03-31,Fashion,East,New,19,377,7163,1504.23
1369,2023-12-31,Electronics,West,Returning,15,229,3435,377.85
1370,2023-09-30,Fashion,North,Returning,4,346,1384,373.68
1371,2023-05-31,Sports,West,New,13,232,3016,331.76
1372,2023-08-31,Home & Kitchen,South,New,19,145,2755,798.9499999999999
1373,2023-01-31,Electronics,South,Returning,2,265,530,58.3
1374,2023-05-31,Fashion,North,Returning,14,369,5166,1239.84
1375,2023-03-31,Electronics,East,New,4,418,1672,200.64
1376,2023-12-31,Electronics,North,New,16,338,5408,1514.2400000000002
1377,2023-01-31,Home & Kitchen,West,New,14,459,6426,1220.94
1378,2023-04-30,Sports,East,New,15,472,7080,920.4
1379,2023-05-31,Electronics,South,Returning,3,443,1329,225.93
1380,2023-07-31,Fashion,East,New,8,460,3680,478.40000000000003
1381,2023-01-31,Beauty,South,New,16,58,928,120.64
1382,2023-03-31,Electronics,East,New,10,301,3010,872.9
1383,2023-02-28,Electronics,East,New,4,391,1564,297.16
1384,2023-09-30,Home & Kitchen,East,Returning,18,333,5994,1558.44
1385,2023-10-31,Sports,West,Returning,2,87,174,40.02
1386,2023-06-30,Beauty,West,Returning,17,114,1938,465.12
1387,2023-10-31,Fashion,North,New,13,178,2314,300.82
1388,2023-03-31,Beauty,North,New,4,226,904,135.6
1389,2023-08-31,Fashion,South,Returning,11,387,4257,1106.82
1390,2023-08-31,Sports,West,New,7,128,896,259.84
1391,2023-02-28,Fashion,South,New,12,199,2388,358.2
1392,2023-06-30,Home & Kitchen,North,Returning,10,264,2640,396.0
1393,2023-07-31,Home & Kitchen,South,Returning,7,379,2653,504.07
1394,2023-02-28,Home & Kitchen,North,Returning,13,275,3575,1072.5
1395,2023-11-30,Home & Kitchen,West,Returning,7,158,1106,165.9
1396,2023-10-31,Beauty,East,New,17,173,2941,529.38
1397,2023-02-28,Sports,West,New,10,149,1490,417.20000000000005
1398,2023-10-31,Fashion,South,Returning,10,356,3560,356.0
1399,2023-01-31,Fashion,South,New,4,497,1988,218.68
1400,2023-08-31,Home & Kitchen,West,Returning,4,267,1068,234.96
1401,2023-01-31,Home & Kitchen,West,Returning,7,383,2681,750.6800000000001
1402,2023-09-30,Electronics,North,New,1,278,278,41.699999999999996
1403,2023-11-30,Sports,South,Returning,12,190,2280,433.2
1404,2023-06-30,Beauty,South,New,13,169,2197,417.43
1405,2023-07-31,Fashion,West,New,10,360,3600,684.0
1406,2023-10-31,Electronics,East,New,15,409,6135,1349.7
1407,2023-07-31,Electronics,South,New,13,297,3861,733.59
1408,2023-10-31,Fashion,East,Returning,9,297,2673,507.87
1409,2023-03-31,Beauty,West,New,9,389,3501,665.19
1410,2023-02-28,Electronics,West,Returning,15,235,3525,775.5
1411,2023-09-30,Electronics,North,Returning,10,20,200,42.0
1412,2023-08-31,Sports,South,Returning,10,19,190,51.300000000000004
1413,2023-12-31,Beauty,East,Returning,8,280,2240,246.4
1414,2023-10-31,Electronics,North,New,16,282,4512,1218.24
1415,2023-07-31,Beauty,South,New,17,433,7361,1987.47
1416,2023-09-30,Fashion,North,Returning,5,411,2055,328.8
1417,2023-04-30,Home & Kitchen,West,Returning,4,192,768,145.92000000000002
1418,2023-04-30,Electronics,South,New,18,466,8388,1593.72
1419,2023-01-31,Sports,North,Returning,19,162,3078,430.92
1420,2023-08-31,Fashion,North,New,4,497,1988,357.84
1421,2023-12-31,Beauty,East,Returning,7,324,2268,249.48
1422,2023-03-31,Fashion,North,New,10,343,3430,548.8000000000001
1423,2023-07-31,Electronics,South,Returning,18,133,2394,622.44
1424,2023-12-31,Beauty,South,Returning,19,482,9158,1465.28
1425,2023-02-28,Home & Kitchen,East,New,4,123,492,127.92
1426,2023-02-28,Fashion,South,Returning,10,287,2870,602.6999999999999
1427,2023-07-31,Electronics,West,Returning,1,423,423,118.44000000000001
1428,2023-06-30,Sports,South,New,18,477,8586,1803.06
1429,2023-03-31,Beauty,South,Returning,5,222,1110,122.1
1430,2023-09-30,Fashion,North,New,15,181,2715,651.6
1431,2023-10-31,Fashion,North,New,17,297,5049,555.39
1432,2023-06-30,Home & Kitchen,South,Returning,3,444,1332,253.08
1433,2023-10-31,Home & Kitchen,East,Returning,12,183,2196,636.8399999999999
1434,2023-10-31,Sports,North,Returning,2,122,244,31.720000000000002
1435,2023-06-30,Sports,East,Returning,1,385,385,69.3
1436,2023-01-31,Electronics,South,Returning,17,414,7038,1759.5
1437,2023-04-30,Electronics,South,Returning,16,492,7872,2204.1600000000003
1438,2023-10-31,Sports,West,Returning,5,131,655,150.65
1439,2023-06-30,Sports,North,New,15,41,615,92.25
1440,2023-06-30,Beauty,South,Returning,3,231,693,159.39000000000001
1441,2023-11-30,Home & Kitchen,West,New,7,128,896,143.36
1442,2023-12-31,Electronics,North,Returning,11,48,528,126.72
1443,2023-05-31,Home & Kitchen,South,Returning,10,277,2770,803.3
1444,2023-01-31,Home & Kitchen,South,New,9,242,2178,522.72
1445,2023-08-31,Sports,North,Returning,14,440,6160,1663.2
1446,2023-05-31,Beauty,North,Returning,13,27,351,35.1
1447,2023-12-31,Fashion,North,New,2,158,316,75.84
1448,2023-12-31,Beauty,South,Returning,3,406,1218,328.86
1449,2023-12-31,Beauty,South,Returning,7,158,1106,121.66
1450,2023-05-31,Home & Kitchen,West,Returning,18,135,2430,656.1
1451,2023-07-31,Beauty,East,New,3,401,1203,180.45
1452,2023-04-30,Electronics,North,Returning,10,311,3110,715.3000000000001
1453,2023-06-30,Home & Kitchen,South,Returning,7,369,2583,671.58
1454,2023-04-30,Electronics,South,Returning,9,247,2223,511.29
1455,2023-03-31,Fashion,North,Returning,17,144,2448,293.76
1456,2023-07-31,Home & Kitchen,East,New,11,160,1760,387.2
1457,2023-08-31,Fashion,North,New,7,245,1715,360.15
1458,2023-04-30,Home & Kitchen,East,Returning,14,233,3262,913.3600000000001
1459,2023-02-28,Sports,South,Returning,19,212,4028,725.04
1460,2023-12-31,Beauty,East,New,4,265,1060,169.6
1461,2023-10-31,Sports,West,New,6,95,570,142.5
1462,2023-03-31,Fashion,South,Returning,10,159,1590,286.2
1463,2023-01-31,Beauty,West,New,7,244,1708,392.84000000000003
1464,2023-08-31,Home & Kitchen,North,Returning,13,354,4602,1058.46
1465,2023-03-31,Beauty,North,New,14,31,434,121.52000000000001
1466,2023-12-31,Electronics,North,New,4,357,1428,314.16
1467,2023-10-31,Beauty,East,New,8,294,2352,470.40000000000003
1468,2023-07-31,Electronics,South,New,5,278,1390,180.70000000000002
1469,2023-10-31,Beauty,North,Returning,1,475,475,57.0
1470,2023-05-31,Electronics,North,New,4,267,1068,138.84
1471,2023-10-31,Fashion,South,New,3,38,114,14.82
1472,2023-05-31,Sports,North,Returning,9,222,1998,459.54
1473,2023-07-31,Home & Kitchen,West,New,8,472,3776,944.0
1474,2023-09-30,Beauty,South,New,1,445,445,93.45
1475,2023-12-31,Sports,South,Returning,6,292,1752,473.04
1476,2023-05-31,Home & Kitchen,South,New,9,59,531,159.29999999999998
1477,2023-01-31,Home & Kitchen,West,Returning,7,104,728,189.28
1478,2023-10-31,Electronics,South,Returning,4,472,1888,453.12
1479,2023-10-31,Fashion,West,Returning,13,416,5408,1135.68
1480,2023-01-31,Fashion,South,Returning,17,97,1649,313.31
1481,2023-02-28,Sports,East,New,2,53,106,12.719999999999999
1482,2023-06-30,Fashion,North,Returning,5,470,2350,423.0
1483,2023-09-30,Beauty,East,New,12,287,3444,964.32
1484,2023-08-31,Fashion,North,New,8,180,1440,374.40000000000003
1485,2023-05-31,Sports,West,New,6,430,2580,361.20000000000005
1486,2023-01-31,Fashion,East,New,8,198,1584,300.96
1487,2023-07-31,Beauty,South,New,18,362,6516,1694.16
1488,2023-05-31,Electronics,North,New,3,193,579,63.69
1489,2023-06-30,Sports,North,New,12,12,144,25.919999999999998
1490,2023-07-31,Electronics,East,New,3,200,600,162.0
1491,2023-03-31,Electronics,West,New,6,127,762,137.16
1492,2023-12-31,Electronics,East,New,2,28,56,6.72
1493,2023-10-31,Home & Kitchen,West,Returning,12,32,384,80.64
1494,2023-03-31,Home & Kitchen,West,Returning,2,422,844,227.88000000000002
1495,2023-05-31,Electronics,North,Returning,6,39,234,51.48
1496,2023-06-30,Sports,East,New,17,304,5168,775.1999999999999
1497,2023-09-30,Beauty,East,Returning,3,117,351,63.18
1498,2023-12-31,Beauty,West,Returning,2,376,752,142.88
1499,2023-05-31,Fashion,East,Returning,8,290,2320,510.4
1500,2023-01-31,Sports,South,New,12,137,1644,411.0
